timestep,demand_el,pv,wind,demand_heat
1,209643.3415769,0.0,0.10702,422934.5228816496
2,207497.2007709,0.0,0.074873,319952.32493091334
3,200108.0148989,0.0,0.055654,305802.0992582931
4,191892.6802004,0.0,0.065059,275143.27696761594
5,185717.3331069,0.0,0.085573,316807.8303369977
6,180672.7483735,0.0,0.096229,406425.9262635927
7,172683.5661471,0.0,0.11794,396206.31883336685
8,170048.1975444,0.0,0.15953,413501.03909990273
9,171132.8063389,0.0,0.23717,417431.65734229726
10,179532.7553002,0.062188,0.28515,368691.99113660527
11,189155.7737532,0.15426,0.35724,191814.17022885225
12,201026.4708567,0.16016,0.46354,85687.47768420039
13,208466.425651,0.1036,0.56932,30834.97945577976
14,207718.7378864,0.084862,0.68999,28265.39783446478
15,205443.3670963,0.052101,0.79517,29121.92504156977
16,206255.669853,0.014673,0.86893,61669.95891155952
17,217240.2184947,0.0,0.92278,166166.27817836872
18,232798.5854994,0.0,0.95895,529333.8139908859
19,237321.6349401,0.0,0.97963,893357.8770105082
20,232387.8187645,0.0,0.99052,644108.459742955
21,224306.3294067,0.0,0.99626,521625.0691269411
22,219280.2060996,0.0,0.99859,486507.4536356363
23,223701.7176957,0.0,0.99933,404280.8417535569
24,213926.3924759,0.0,0.99923,498498.8345351062
25,201834.1582569,0.0,0.99874,460811.6374224864
26,192215.7551605,0.0,0.99845,348606.57329173235
27,187152.7090008,0.0,0.99779,333189.0835638424
28,184355.8029181,0.0,0.99735,299784.5224867477
29,184438.8793364,0.0,0.9969,345180.46446331235
30,182786.5816836,0.0,0.99637,442824.5660732816
31,180105.0595152,0.0,0.99481,431689.71238091664
32,191509.6056049,0.0,0.99304,450533.3109372265
33,207104.8954623,0.0,0.99142,454815.9469727515
34,222501.724987,0.047766,0.99039,401711.2601322419
35,231127.8264203,0.12973,0.98986,208992.6385336184
36,238410.8590912,0.15324,0.98947,93361.46557444429
37,241184.688391,0.12837,0.99026,30295.47296935857
38,237413.9420716,0.10443,0.99193,27770.850221912027
39,234469.3445786,0.063981,0.99271,28612.391137727544
40,235193.9555604,0.019217,0.99281,60590.945938717145
41,242730.8328427,0.0,0.99158,163258.9376682101
42,264196.8562598,0.0,0.99079,520072.2859739889
43,265950.6917572,0.0,0.99146,877727.1751955831
44,260283.0338866,0.0,0.99194,632838.7686932681
45,245578.5078477,0.0,0.99202,512498.4177316493
46,238849.3179655,0.0,0.99239,477995.24018321314
47,241553.9169168,0.0,0.99198,397207.3122649236
48,231372.4403186,0.0,0.99105,489776.8130046303
49,218135.5976697,0.0,0.98873,452749.0127087477
50,208761.8084717,0.0,0.98524,342507.152736915
51,201492.6218705,0.0,0.98152,327359.4162522357
52,194421.895602,0.0,0.98,294539.3205354306
53,192118.8326725,0.0,0.97512,339140.98907365295
54,187983.4731838,0.0,0.96149,435076.6534766218
55,181517.3586262,0.0,0.94655,424136.6215710201
56,185246.5667365,0.0,0.94065,442650.52171896136
57,191874.2187741,0.0,0.93581,446858.22629803896
58,202715.6913621,0.063357,0.9057,394682.68951747695
59,213700.2400039,0.1452,0.87636,205335.9834589859
60,225649.3981692,0.13022,0.85986,91727.95982389124
61,229346.2987835,0.052762,0.87187,33212.783193744945
62,223484.7959368,0.04271,0.88404,30445.05126093287
63,219326.3596653,0.025526,0.90285,31367.628571870224
64,218684.8251018,0.0066043,0.92233,66425.56638748989
65,230273.9854545,0.0,0.94465,178979.9983218478
66,249824.6358941,0.0,0.95549,570152.7781592882
67,254873.835984,0.0,0.96371,962248.135307666
68,249547.7144998,0.0,0.9678,693778.1378248944
69,239841.6196285,0.0,0.97427,561849.582360852
70,235807.7979845,0.0,0.97693,524023.91261242033
71,240723.1527338,0.0,0.9763,435456.49076243374
72,229821.6805104,0.0,0.97646,536939.9949655433
73,217863.2916319,0.0,0.97775,496346.5932842995
74,207418.7397092,0.0,0.9796,375488.9655515054
75,201935.6961014,0.0,0.98278,358882.5739546329
76,199406.4806999,0.0,0.98391,322902.0588280759
77,201095.7012053,0.0,0.98546,371798.656307756
78,205706.4424209,0.0,0.98765,476972.469754615
79,222427.8792818,0.0,0.99015,464978.96471242927
80,247180.0365783,0.0,0.99225,485275.6655530512
81,262415.3286229,0.0,0.99371,489888.5521077379
82,271932.1938747,0.01319,0.9935,432688.75882962166
83,278416.7698586,0.039835,0.99284,225108.86386871577
84,283821.3524046,0.047415,0.9932,100560.9268921722
85,285838.2632266,0.038888,0.9939,107022.34261721016
86,282782.8971759,0.031488,0.9946,104903.08830795846
87,279990.6064497,0.01869,0.99482,115499.35985421688
88,278126.0023946,0.0044696,0.99465,163182.58181237982
89,283147.5103451,0.0,0.99386,328484.4179340113
90,300847.4027993,0.0,0.99291,734321.6181557092
91,299767.4093614,0.0,0.99168,942008.5404623746
92,294953.5924566,0.0,0.98756,765050.8056398586
93,281296.7523596,0.0,0.97564,633657.0384662541
94,273252.1858544,0.0,0.95063,633657.0384662541
95,269292.2099155,0.0,0.89537,505442.1527565271
96,256387.6729397,0.0,0.77284,503322.8984472754
97,245984.6592261,0.0,0.68626,467295.5751899968
98,236135.4883011,0.0,0.58396,406896.8273763237
99,229480.1441241,0.0,0.45925,384644.65712918097
100,225792.4742229,0.0,0.41573,370869.5041190451
101,227089.3894197,0.0,0.39466,411135.3359948271
102,233721.6568139,0.0,0.44267,440804.8963243507
103,252852.3098054,0.0,0.5154,504382.5256019013
104,281499.8280488,0.0,0.55825,558423.5104878193
105,295244.3599207,0.0,0.59368,561602.3919516967
106,298996.6448138,0.038505,0.56689,470474.4566538743
107,301895.0887412,0.10504,0.52071,310470.756305372
108,305864.2953932,0.12442,0.53577,169540.34474013487
109,306865.8277694,0.10471,0.54674,96708.11957708649
110,305222.7608297,0.085151,0.56219,94793.10730823327
111,301142.7856199,0.052307,0.59634,104368.16865249928
112,298585.8780789,0.016081,0.60329,147455.94470169622
113,301673.5516257,0.0,0.61437,296826.90167224564
114,315150.3928164,0.0,0.67381,663551.7511576329
115,318348.8349209,0.0,0.74123,851222.9535052464
116,313221.1737692,0.0,0.82476,691319.4290560043
117,299015.1062401,0.0,0.89963,572588.668387106
118,285884.4167923,0.0,0.94793,572588.668387106
119,280784.4477801,0.0,0.96764,456730.4261214876
120,262627.6350253,0.0,0.97588,454815.4138526344
121,249206.1781134,0.0,0.97923,422260.2052821301
122,239144.7007861,0.0,0.96818,367682.3556198139
123,232249.3580674,0.0,0.96364,347574.7267968554
124,228247.8439193,0.0,0.96655,335127.1470493096
125,228732.4563594,0.0,0.95912,371512.3801575204
126,233227.8136606,0.0,0.9409,398322.5519214651
127,249533.8684301,0.0,0.90182,455772.91998706106
128,274466.0246328,0.0,0.84907,504605.7328428176
129,285898.2628621,0.0,0.77243,507478.2512460973
130,289996.6994981,0.065084,0.69315,425132.7236854099
131,294847.4392555,0.17832,0.64418,280549.2973869934
132,299712.0250825,0.22241,0.65718,153200.98150825582
133,299970.4850506,0.20579,0.71166,31502.16422312715
134,295973.5862591,0.16543,0.741,28876.98387119989
135,291344.3836172,0.10124,0.78431,29752.043988508973
136,289456.7027792,0.033614,0.84363,63004.3284462543
137,292567.4531088,0.0,0.89667,169761.662757963
138,307031.980606,0.0,0.94979,540787.1524970161
139,312219.6413931,0.0,0.97085,912687.7023533784
140,306639.6752973,0.0,0.9807,658045.2082164339
141,292188.9938699,0.0,0.98644,532911.6114412342
142,282561.3600604,0.0,0.99008,497034.14663156174
143,279565.9936451,0.0,0.99254,413028.3753698893
144,263587.6291923,0.0,0.99346,509284.98827388894
145,249510.7916472,0.0,0.99428,470782.3431122891
146,238558.5505015,0.0,0.99534,356149.46774479863
147,232106.2820136,0.0,0.9965,340398.38563323504
148,228478.6117479,0.0,0.99709,306271.0410581806
149,230952.4428706,0.0,0.99769,352649.2272755624
150,241156.9962516,0.0,0.99813,452406.0806487983
151,266139.9213767,0.0,0.99826,441030.29912378016
152,297625.8839119,0.0,0.99818,460281.6217045801
153,307655.0537432,0.0,0.99804,464656.9222911255
154,308287.3575936,0.00060963,0.99805,410403.195017962
155,310562.7283837,0.006088,0.99812,213514.66862341735
156,313235.0198389,0.0074218,0.99831,95381.55278669056
157,312976.5598709,0.0053112,0.99846,29371.87412408004
158,310087.3466567,0.0039527,0.99843,26924.217947073368
159,306081.2171521,0.0015335,0.99838,27740.103339408925
160,304941.2240788,0.0,0.99828,58743.74824816008
161,305795.0650446,0.0,0.9981,158281.766113098
162,320905.7424619,0.0,0.99796,504217.1724633741
163,324574.9509367,0.0,0.99793,850968.4642059855
164,320148.823984,0.0,0.99783,613545.8150363386
165,306182.7549967,0.0,0.99774,496874.203932354
166,294173.5971959,0.0,0.99771,463422.90284659615
167,286858.2570291,0.0,0.9976,385097.90518238273
168,269818.3605647,0.0,0.99748,474845.2983392939
169,255418.4480596,0.0,0.99739,438946.3410765295
170,245320.0478797,0.0,0.99752,332065.3546805716
171,238083.1687746,0.0,0.99789,317379.4176185315
172,233121.6604595,0.0,0.99814,285559.88731744484
173,234907.8034529,0.0,0.99854,328801.81311122933
174,243616.9813046,0.0,0.999,421812.7478374829
175,265604.5400143,0.0,0.99941,411206.2377371205
176,295710.5109345,0.0,0.99966,429155.7163685028
177,306058.1403692,0.0,0.9998,433235.1433301806
178,308236.5886713,0.01781,0.99986,382650.249005376
179,311079.6483197,0.050901,0.99987,199076.03572987585
180,313968.8615339,0.060377,0.99984,88931.50776457567
181,314162.7065099,0.050395,0.99976,30971.01084025057
182,308250.434741,0.040749,0.99963,28390.09327022969
183,303436.6178362,0.024728,0.99951,29250.399126903318
184,300302.7907238,0.0073169,0.99937,61942.02168050114
185,303062.7739539,0.0,0.99911,166899.33619468362
186,318958.0619884,0.0,0.99851,531669.0194243015
187,321094.9720813,0.0,0.99745,897299.008510593
188,313041.1748629,0.0,0.99587,646950.0042185675
189,296398.1990637,0.0,0.99444,523926.26671423885
190,286082.877125,0.0,0.99361,488653.7265906201
191,283433.6624525,0.0,0.99172,406064.3643499519
192,270256.819439,0.0,0.98884,500698.0085840509
193,260107.6503369,0.0,0.98624,462844.5508904113
194,250876.9371926,0.0,0.98548,350144.48366616614
195,244406.2072784,0.0,0.98655,334658.9782460408
196,239283.1614833,0.0,0.98977,301107.04983576946
197,237243.1738784,0.0,0.99201,346703.2602394717
198,235244.7244827,0.0,0.99339,444778.1279002652
199,232637.0480194,0.0,0.99312,433594.151763508
200,242656.9871376,0.0,0.9922,452520.88061032776
201,256646.1329078,0.0,0.98897,456822.4098936959
202,270976.8150643,0.069159,0.98065,403483.446779931
203,280678.294579,0.1797,0.97199,209914.62902836496
204,287061.3327182,0.21466,0.96335,93773.33837742536
205,288930.55213,0.18781,0.95627,99211.00567159556
206,284172.1195041,0.1522,0.9492,97246.431301861
207,276358.3208274,0.094903,0.94247,107069.3031505338
208,274096.7961071,0.033534,0.92632,151272.22646956154
209,277978.3109842,0.0,0.91662,304509.02730885765
210,291856.6881967,0.0,0.92451,680725.019113027
211,296762.8122329,0.0,0.94718,873253.3073470144
212,289281.3192295,0.0,0.96859,709211.3474741782
213,273852.1822087,0.0,0.98113,587407.7365506352
214,266292.2281436,0.0,0.98932,587407.7365506352
215,267418.3751472,0.0,0.99379,468550.9871816939
216,258759.9662178,0.0,0.99579,466586.41281195934
217,246049.2742181,0.0,0.99628,433188.6485264717
218,235383.1851798,0.0,0.99629,377198.27898903657
219,228875.5324131,0.0,0.99633,356570.24810682365
220,222030.9586166,0.0,0.99583,343800.51470354904
221,217558.6780982,0.0,0.99524,381127.42772850575
222,211129.4863932,0.0,0.99513,408631.4689047896
223,200574.1659127,0.0,0.99542,467568.69999682665
224,203860.299792,0.0,0.99524,517665.3464250579
225,215638.6897642,0.0,0.99536,520612.20797965984
226,229595.5280384,0.072382,0.99505,436135.5100810736
227,238826.2411827,0.18447,0.99442,287810.14516611386
228,251066.166812,0.22796,0.99288,157165.94957876523
229,251735.393515,0.2106,0.99092,99535.983780949
230,242818.5246176,0.1762,0.98967,97564.97420112824
231,236573.9471755,0.11512,0.9885,107420.02210023208
232,234847.8038175,0.044413,0.98409,151767.73764619947
233,239763.1585668,0.0,0.97846,305506.4848722197
234,261321.4891153,0.0,0.9732,682954.8194078977
235,272873.7266154,0.0,0.96894,876113.7582303333
236,271350.6589466,0.0,0.95932,711534.4583152987
237,261012.260225,0.0,0.95192,589331.8643664109
238,254583.06852,0.0,0.93421,589331.8643664109
239,258949.1958373,0.0,0.90943,470085.7847872542
240,248361.5678607,0.0,0.86199,468114.7752074334
241,237829.3241631,0.0,0.79485,434607.6123504803
242,228506.3038873,0.0,0.68538,378433.83932558825
243,224315.5601198,0.0,0.59208,357738.2387374702
244,222017.1125469,0.0,0.50701,344926.6764686352
245,224380.1751118,0.0,0.43518,382375.8584852298
246,234764.7273992,0.0,0.36519,409969.9926027206
247,263486.0913477,0.0,0.34052,469100.27999734384
248,292812.0670072,0.0,0.38449,519361.02428277343
249,305042.7619234,0.0,0.50811,522317.5386525048
250,308878.1232348,0.074326,0.64962,437564.1267202115
251,312902.7141657,0.17006,0.76382,288752.90344374307
252,317988.8371083,0.18191,0.87351,157680.7663856618
253,318602.6795323,0.13116,0.89541,31549.60117496961
254,316262.6937503,0.12365,0.91036,28920.467743722147
255,311587.3375427,0.092392,0.92456,29796.845554137966
256,308730.4318245,0.042049,0.93285,63099.20234993922
257,308531.9714919,0.0,0.94852,170017.2952206696
258,320642.6671372,0.0,0.96455,541601.4868369784
259,325461.0993986,0.0,0.98073,914062.0562637028
260,321842.659846,0.0,0.98954,659036.1134326985
261,308573.5097011,0.0,0.99261,533714.0865432359
262,296605.8901095,0.0,0.994,497782.5963161872
263,290615.1572788,0.0,0.99409,413650.32651626825
264,272550.6516554,0.0,0.99296,510051.8856620087
265,257873.8177559,0.0,0.98899,471491.2620037126
266,248186.184311,0.0,0.97863,356685.7688392398
267,242481.6035878,0.0,0.9611,340910.968251755
268,239790.8507062,0.0,0.93708,306732.2336455379
269,241392.3794368,0.0,0.9057,353180.2575975765
270,250480.0165274,0.0,0.8716,453087.3279849803
271,280784.4477801,0.0,0.84736,441694.4164495746
272,312016.5657039,0.0,0.85063,460974.7282787227
273,321759.5834277,0.0,0.87132,465356.6173308018
274,321787.2755671,0.076031,0.89753,411021.1930850208
275,323236.4975308,0.19581,0.92378,213836.18574146077
276,324118.0306361,0.25131,0.94872,95525.18133532464
277,325207.2547871,0.24616,0.954,28191.13495798441
278,322848.8075787,0.20346,0.95478,25841.873711485707
279,318833.447361,0.13178,0.95506,26624.96079365194
280,316918.0743835,0.051561,0.95434,56382.26991596882
281,318118.0670923,0.0,0.95222,151918.8939402493
282,332462.5953185,0.0,0.94683,483947.8167787324
283,337521.0261216,0.0,0.93765,816759.8266993816
284,333039.51489,0.0,0.9268,588881.4857890077
285,318118.0670923,0.0,0.92163,476900.03303923627
286,306118.1400047,0.0,0.9228,444793.4626704208
287,297215.117177,0.0,0.93281,369617.1027824623
288,279658.3007765,0.0,0.94648,455756.681820748
289,266347.6124224,0.0,0.9555,421300.8502054337
290,257592.281005,0.0,0.96096,318716.44244165707
291,250849.2450531,0.0,0.96759,304620.87496266485
292,246833.8848354,0.0,0.97131,274080.4787581818
293,249510.7916472,0.0,0.97032,315584.09411299217
294,258616.8901641,0.0,0.96457,404856.0214799429
295,286955.1795171,0.0,0.95566,394675.8894117818
296,318348.8349209,0.0,0.94793,411903.80521943886
297,328581.0804413,0.0,0.94044,415819.2406302701
298,328179.5444196,0.078986,0.92875,367267.8415359636
299,330750.2980303,0.17921,0.92272,191073.248048561
300,332693.3631471,0.1955,0.91626,85356.49195611947
301,331045.6808509,0.14795,0.89946,28124.088137021547
302,330224.147381,0.13245,0.8804,25780.414125603085
303,326628.7846113,0.094354,0.84715,26561.63879607591
304,324856.4876876,0.04193,0.84519,56248.17627404309
305,324708.7962773,0.0,0.83288,151557.58607172724
306,337534.8721913,0.0,0.81552,482796.8463522033
307,341499.4634868,0.0,0.78685,814817.331303152
308,335721.0370585,0.0,0.74896,587480.9521955613
309,318127.2978054,0.0,0.71534,475765.8243179479
310,304170.4595312,0.0,0.67863,443735.6128285622
311,296481.275482,0.0,0.6399,368738.04446317145
312,279436.7636611,0.0,0.58711,454672.7582151817
313,259318.424363,0.0,0.5171,420298.8727143776
314,249496.9455775,0.0,0.44995,317958.4408824381
315,242283.1432552,0.0,0.39156,303896.3968139273
316,239707.774288,0.0,0.34776,273428.63466548733
317,240473.9234789,0.0,0.30079,314833.5422005468
318,250064.6344359,0.0,0.23124,403893.1546344484
319,276575.2425863,0.0,0.18207,393737.2339183017
320,306358.1385464,0.0,0.14744,410924.1766687037
321,315971.9262862,0.0,0.11773,414830.30002106784
322,316581.1533537,0.081722,0.086684,366394.3704517529
323,319114.9841119,0.19784,0.056593,190618.8195953683
324,322318.0415729,0.24148,0.066865,85153.48908153747
325,322142.6580232,0.22345,0.079421,28156.804858225725
326,319701.1343965,0.18917,0.059228,25810.404453373583
327,314905.7789181,0.12726,0.042115,26592.53792165763
328,311633.4911084,0.053661,0.032621,56313.60971645145
329,310336.5759116,0.0,0.024503,151733.8928471053
330,323504.188212,0.0,0.022502,483358.4833995416
331,327750.3162584,0.0,0.026714,815765.207420262
332,322054.9662483,0.0,0.036999,588164.3681496041
333,306108.9092915,0.0,0.055015,476319.2821849852
334,291819.7653441,0.0,0.065307,444251.8099853393
335,284329.0416275,0.0,0.065417,369166.9970300706
336,266652.2259562,0.0,0.055026,455201.6785413159
337,252330.7745128,0.0,0.036812,420787.8059368178
338,242786.2171216,0.0,0.031955,318328.3215916075
339,237446.2495676,0.0,0.031005,304249.9191624946
340,235083.1870027,0.0,0.029617,273746.7138994168
341,237400.0960019,0.0,0.03406,315199.7877184713
342,246903.1151839,0.0,0.040213,404363.0031028528
343,272186.0384862,0.0,0.050632,394195.26801516017
344,302919.6979002,0.0,0.063647,411402.20431740925
345,313770.4012013,0.0,0.073919,415312.8716588295
346,315145.7774598,0.084359,0.072285,366820.59662521846
347,319096.5226856,0.20794,0.079528,190840.5662613077
348,322156.5040929,0.26362,0.10883,85252.54804296122
349,320033.4400697,0.25794,0.17342,29222.73236540369
350,315441.1602804,0.21806,0.22862,26787.50466828672
351,308356.5879422,0.14692,0.24602,27599.24723399238
352,304848.9169473,0.063073,0.27271,58445.46473080739
353,303962.7684855,0.00027026,0.29775,157478.05774689768
354,315459.6217067,0.0,0.31014,501656.9056060968
355,318639.6023849,0.0,0.30274,846647.4960310016
356,311421.1847061,0.0,0.28642,610430.409410655
357,294741.2860543,0.0,0.28736,494351.222514746
358,281707.5190945,0.0,0.28863,461069.7773208139
359,277558.3135362,0.0,0.28624,383142.4910130707
360,262807.6339316,0.0,0.28227,472434.1732406931
361,248915.4106494,0.0,0.28659,436717.50034964416
362,238309.3212466,0.0,0.28964,330379.2242422029
363,231524.7470855,0.0,0.2783,315767.85805950104
364,227154.0044117,0.0,0.26594,284109.8979969804
365,225178.6317988,0.0,0.25472,327132.2539793803
366,221320.1937045,0.0,0.23885,419670.90646982536
367,219044.8229144,0.0,0.21481,409118.2531156518
368,232909.3540572,0.0,0.20041,426976.58956117625
369,248555.4128368,0.0,0.16956,431035.30238970456
370,262687.6346607,0.091501,0.13897,380707.2633159537
371,270819.8929408,0.2314,0.1646,198065.18603218065
372,276658.3190046,0.31736,0.24502,88479.93966191674
373,275167.5588318,0.34265,0.27324,27985.61911991257
374,267962.9872227,0.2898,0.32255,25653.4841932532
375,262553.7893201,0.19659,0.41404,26430.86250213965
376,262036.869384,0.08639,0.51915,55971.23823982515
377,265189.1579228,0.002534,0.61358,150811.39192397334
378,281749.0573037,0.0,0.64783,480419.7948918326
379,290061.3144901,0.0,0.65273,810805.5761685782
380,283539.8156537,0.0,0.64911,584588.4882826183
381,266896.8398545,0.0,0.64836,473423.3901118544
382,260223.0342512,0.0,0.6751,441550.87944750953
383,261298.4123325,0.0,0.68763,366922.5617944093
384,250840.01434,0.0,0.7081,452434.17577192
385,239693.9282182,0.0,0.72421,418229.53018091567
386,228377.0739033,0.0,0.72728,316392.9717167894
387,219395.5900139,0.0,0.76893,302400.16215683304
388,215712.5354693,0.0,0.7869,272082.40811026114
389,212458.709086,0.0,0.79311,313283.4584812436
390,204811.0632459,0.0,0.79782,401904.58569430007
391,195340.3515598,0.0,0.80225,391798.667678776
392,197080.3409875,0.0,0.81419,408900.99047427817
393,208798.7313242,0.0,0.82665,412787.8820187105
394,224670.9425759,0.051356,0.83881,364590.4268677499
395,236167.7957971,0.10563,0.86092,189680.30736829637
396,248144.6461018,0.10694,0.8905,84734.23566862418
397,247941.5704127,0.06994,0.91655,26457.80232146184
398,239375.4686148,0.054844,0.93673,24252.985461340017
399,232443.2030434,0.032835,0.95126,24987.924414713954
400,229406.2984189,0.011109,0.9588,52915.60464292368
401,231090.9035677,0.0,0.96529,142578.15695454433
402,250276.9408382,0.0,0.9725,454192.2731850949
403,263241.4774494,0.0,0.97973,766541.3283690193
404,261381.4887508,0.0,0.98557,552674.0929372029
405,251615.3942441,0.0,0.98951,447577.82260472944
406,246284.6574033,0.0,0.99288,417445.3255163979
407,249127.7170517,0.0,0.99484,346891.18599249964
408,235489.338381,0.0,0.99521,427734.4708636331
409,223175.5670465,0.0,0.99371,395397.1569151797
410,214147.9295914,0.0,0.99037,299120.1540231935
411,209643.3415769,0.0,0.98429,285891.25286246266
412,209306.4205472,0.0,0.97188,257228.633680879
413,214175.6217308,0.0,0.9326,296180.3982096978
414,226747.8530333,0.0,0.82715,379963.4388943269
415,253793.8425462,0.0,0.62052,370409.2325004657
416,285381.342926,0.0,0.36018,386577.8894746924
417,298788.9537681,0.0,0.22249,390252.5842415621
418,302582.7768704,0.073828,0.19643,344686.36913237785
419,304968.9162182,0.1756,0.11004,179325.10462324135
420,310553.4976705,0.2285,0.1088,80108.34591775943
421,309251.9671172,0.2317,0.19864,25864.261530514577
422,307784.2837272,0.18315,0.15331,23708.9064029717
423,303035.0818145,0.11281,0.085065,24427.35811215266
424,300118.1764609,0.043162,0.12235,51728.52306102916
425,298645.8777144,0.00017489,0.33257,139379.63158110637
426,311245.8011563,0.0,0.5732,444003.1562738336
427,316941.1511664,0.0,0.69382,749345.132675742
428,311836.5667976,0.0,0.76668,540275.6853040825
429,296564.3519003,0.0,0.85104,437537.090891205
430,284222.8884264,0.0,0.91486,408080.57081478566
431,275758.324473,0.0,0.93142,339109.20673341345
432,254167.6864285,0.0,0.90007,418138.8947433191
433,237880.0930854,0.0,0.87802,386527.0195393568
434,229553.9898292,0.0,0.90783,292409.845636651
435,226350.9323681,0.0,0.92705,279477.7148713937
436,226410.9320036,0.0,0.93795,251458.09821333623
437,231252.4410478,0.0,0.94272,289536.0387999272
438,241756.992606,0.0,0.93711,371439.5336465567
439,270072.2051762,0.0,0.91877,362099.66142720415
440,301392.0148748,0.0,0.89093,377905.5990291853
441,313031.9441498,0.0,0.85347,381497.8575750901
442,312990.4059406,0.098843,0.81949,336953.8516058705
443,315311.9302964,0.2117,0.81067,175302.2170401544
444,317527.301451,0.24839,0.83933,78311.2363007247
445,315519.6213421,0.22112,0.85515,28654.61638531879
446,312727.330616,0.19697,0.86576,26266.73168654222
447,307955.0519204,0.14278,0.83231,27062.69325280108
448,306238.1392755,0.070014,0.76946,57309.23277063758
449,305282.7604651,0.0028785,0.69714,154416.54385421795
450,317130.3807858,0.0,0.6428,491904.2479479725
451,322470.3483398,0.0,0.65468,830187.9136079861
452,318321.1427814,0.0,0.71986,598563.0978266591
453,301535.0909285,0.0,0.78958,484740.59385164286
454,288459.7857596,0.0,0.87624,452106.1696350298
455,278799.8444541,0.0,0.95262,375693.8592741796
456,258206.1234291,0.0,0.98573,463249.63156265375
457,242827.7553307,0.0,0.99518,428227.3226472641
458,234732.4199032,0.0,0.99749,323956.35746735404
459,229230.9148692,0.0,0.99735,309629.04927469464
460,229304.7605743,0.0,0.99765,278586.5481905993
461,233061.660824,0.0,0.99831,320772.5112023187
462,242929.2931753,0.0,0.99845,411512.1297558282
463,270976.8150643,0.0,0.99845,401164.62939446303
464,303288.9264259,0.0,0.99851,418675.7838521578
465,313378.0958927,0.0,0.99853,422655.5916834521
466,313082.7130721,0.085616,0.9985,373305.9745754031
467,314107.3222311,0.15548,0.9984,194214.62216716068
468,315602.6977604,0.14604,0.99828,86759.81072221522
469,312404.2556559,0.080527,0.99817,32108.57042295061
470,309671.9645652,0.063467,0.99809,29432.85622103805
471,306048.9096561,0.03865,0.99795,30324.7609550089
472,304821.2248079,0.014077,0.99763,64217.14084590122
473,304816.6094513,0.0,0.99722,173029.51839034492
474,318385.7577735,0.0,0.99663,551197.1255939853
475,325954.9425518,0.0,0.99556,930256.6375315968
476,320508.8217966,0.0,0.99526,670712.3599460792
477,305001.2237142,0.0,0.99594,543169.9829882478
478,289170.5506717,0.0,0.99659,506601.8888954429
479,280341.3735492,0.0,0.99742,420979.0344342413
480,261575.3337268,0.0,0.99803,519088.5551710347
481,246847.7309051,0.0,0.9985,479844.74687631737
482,237977.0155734,0.0,0.99854,363005.226726136
483,233555.5039773,0.0,0.99823,346950.94151466066
484,232373.9726948,0.0,0.99786,312166.6568897976
485,234944.7263055,0.0,0.99718,359437.60779025254
486,244821.5893699,0.0,0.99596,461114.7474629295
487,271479.8889307,0.0,0.99369,449519.98592130846
488,304082.7677564,0.0,0.99015,469141.8900686671
489,313493.479807,0.0,0.9847,473601.4137385215
490,312321.1792376,0.10665,0.9822,418303.3202323287
491,312468.870648,0.20835,0.98227,217624.75508888744
492,317019.6122281,0.23085,0.98238,97217.61600282267
493,315907.3112942,0.18924,0.98236,31536.70811934949
494,314015.0150996,0.18514,0.98138,28908.649109403697
495,311038.1101106,0.14878,0.98149,29784.668779385625
496,308661.2014759,0.083322,0.98526,63073.41623869898
497,307031.980606,0.0045477,0.98561,169947.8159764945
498,318658.0638112,0.0,0.98665,541380.1560488329
499,324113.4152795,0.0,0.98868,913688.5157911532
500,320227.2850457,0.0,0.99067,658766.7918264116
501,304701.225537,0.0,0.99306,533495.9790189955
502,290329.0051713,0.0,0.99535,497579.17254973645
503,280945.9852601,0.0,0.99681,413481.2842314711
504,261344.5658982,0.0,0.99708,509843.4479294834
505,244996.9729196,0.0,0.99617,471298.5824502785
506,236486.2554006,0.0,0.99308,356540.00568264566
507,229895.5262156,0.0,0.98659,340771.6516229709
508,229549.3744726,0.0,0.97334,306606.88449367566
509,232152.4355793,0.0,0.94664,353035.9270027179
510,242006.2218609,0.0,0.90225,452902.169380658
511,269052.2113737,0.0,0.82645,441513.9136708929
512,301202.7852553,0.0,0.73384,460786.3464104953
513,313415.0187452,0.0,0.63605,465166.444760405
514,313876.5544025,0.11259,0.54335,410853.2252215253
515,314388.858982,0.26216,0.6225,213748.799475591
516,315791.9273799,0.36644,0.66641,95486.1440280304
517,307239.6716517,0.4109,0.60637,27656.145718467204
518,302324.3169024,0.33065,0.56103,25351.46690859494
519,299162.7976504,0.21205,0.47328,26119.69317855236
520,296416.66049,0.089959,0.42288,55312.29143693441
521,295821.2794922,0.0064264,0.40352,149035.89637173995
522,310936.572266,0.0,0.36031,474763.8348336871
523,315958.0802165,0.0,0.3432,801259.9995655917
524,309390.4278143,0.0,0.33227,577706.1550079816
525,293338.2176564,0.0,0.3106,467849.7984040703
526,278702.9219661,0.0,0.2786,436352.521335816
527,273866.0282785,0.0,0.26708,362602.7994199034
528,257139.976061,0.0,0.29595,447107.6891152199
529,241895.4533032,0.0,0.35447,413305.7332370933
530,232410.8955474,0.0,0.42871,312668.0918726709
531,225621.7060297,0.0,0.49802,298840.0190134373
532,222354.0335767,0.0,0.5205,268879.1944850979
533,220997.1187444,0.0,0.53696,309595.18679284124
534,218001.7523291,0.0,0.53922,397172.9815679875
535,216178.6864831,0.0,0.52435,387186.0400585409
536,230527.8300659,0.0,0.49554,404087.0179976042
537,248749.2578128,0.0,0.44619,407928.14934739127
538,262544.558607,0.11674,0.40498,360298.1206100311
539,270362.9726402,0.2322,0.54257,187447.20986961108
540,275204.4816844,0.27641,0.81155,83736.66342535905
541,272536.8055857,0.25711,0.92783,25451.13005203536
542,263541.4756266,0.2089,0.9625,23330.20254769908
543,256756.9014655,0.13572,0.96839,24037.178382477832
544,255275.3720058,0.058979,0.96324,50902.26010407072
545,256766.1321786,0.0035054,0.95253,137153.31194707943
546,273081.4176612,0.0,0.95459,436911.0658932736
547,281259.8295071,0.0,0.96195,737375.7956742465
548,274733.715314,0.0,0.96279,531645.8277536274
549,259203.0404487,0.0,0.95805,430548.2833802648
550,249612.3294918,0.0,0.9366,401562.27415433567
551,250216.9412027,0.0,0.9106,333692.5940155746
552,238890.8561747,0.0,0.86504,411459.9358412383
553,225229.4007211,0.0,0.81083,380352.99911097286
554,215191.0001767,0.0,0.78969,287739.16475495533
555,208291.0421013,0.0,0.79305,275013.5997289376
556,204691.063975,0.0,0.78944,247441.542172566
557,202946.4591907,0.0,0.74833,284911.26141584024
558,197449.5695133,0.0,0.7237,365506.5065806189
559,189681.9244024,0.0,0.73519,356315.820728495
560,193821.8992476,0.0,0.75967,371869.28909362777
561,205757.2113432,0.00032073,0.75674,375404.1682675216
562,219801.7413923,0.12204,0.75671,331571.6665112384
563,231017.0578626,0.22346,0.80033,172502.10368601742
564,242509.2957272,0.24054,0.80029,77060.36599088483
565,242546.2185798,0.19069,0.79045,24260.519950580016
566,234040.1164173,0.16941,0.74929,22238.809954698347
567,227357.0801009,0.12409,0.62488,22912.7132866589
568,225778.6281532,0.064456,0.59529,48521.03990116003
569,228847.8402737,0.004994,0.5899,130737.24640034784
570,248103.1078927,0.0,0.54146,416472.2591516236
571,262198.4068641,0.0,0.4619,702881.1752348599
572,261663.0255017,0.0,0.37984,506775.3056343381
573,252547.6962717,0.0,0.3208,410407.1291639786
574,246160.0427758,0.0,0.34221,382777.09255359584
575,248670.7967511,0.0,0.41383,318082.37268538243
576,237977.0155734,0.0,0.48859,392211.7392010436
577,224024.7926558,0.0,0.54042,362559.9925947791
578,215084.8469755,0.0,0.57731,274278.6561079463
579,211235.6395943,0.0,0.57927,262148.3961326562
580,209758.7254912,0.0,0.52953,235866.1661861946
581,215417.1526487,0.0,0.49879,271583.0427801041
582,227684.7704175,0.0,0.49436,348408.0226236074
583,254979.9891852,0.0,0.4836,339647.27930812025
584,283978.274528,0.0,0.47116,354473.15261125244
585,294935.1310303,0.00027803,0.38892,357842.6692710552
586,299208.9512162,0.11435,0.38261,316060.6626895008
587,304798.148025,0.25583,0.51549,164432.41299837566
588,310405.8062602,0.35596,0.56004,73455.4631837006
589,309284.2746132,0.40084,0.59285,23872.78064698418
590,306976.5963271,0.31861,0.61685,21883.3822597355
591,301664.3209125,0.20156,0.58826,22546.51505548506
592,298655.1084275,0.085011,0.57727,47745.56129396836
593,295327.436339,0.0078999,0.62733,128647.76237541476
594,308370.4340119,0.0,0.63174,409816.06777322845
595,316451.9233697,0.0,0.62305,691647.5059667917
596,312127.3342616,0.0,0.6021,498675.8624036696
597,298433.571312,0.0,0.58387,403847.87261148245
598,286253.6453181,0.0,0.60978,376659.4279857504
599,278610.6148346,0.0,0.63836,312998.6795937926
600,259876.8825083,0.0,0.63287,385943.2871262443
601,245343.1246626,0.0,0.64915,356765.4441132636
602,235780.105845,0.0,0.68347,269895.04787007114
603,231778.591697,0.0,0.69271,257958.65754657905
604,230661.6754065,0.0,0.65726,232096.47851234625
605,233837.0407282,0.0,0.59157,267242.51668707293
606,245181.5871825,0.0,0.54967,342839.6554025228
607,273755.2597207,0.0,0.52746,334218.92905777856
608,304544.3034136,0.0,0.47002,348807.8505642688
609,313895.0158288,0.00090956,0.3337,352123.5145430167
610,315459.6217067,0.13152,0.23876,311009.2812065439
611,318588.8334626,0.25851,0.21154,161804.40216289277
612,320633.4364241,0.31893,0.19134,72281.47473670209
613,318639.6023849,0.31593,0.19374,25933.28305198679
614,318150.3745883,0.2622,0.19313,23772.17613098789
615,315238.0845912,0.17744,0.14044,24492.54510465419
616,311859.6435804,0.084356,0.11048,51866.56610397358
617,309376.5817446,0.0082402,0.1157,139751.58089126216
618,325341.1001277,0.0,0.070239,445188.0257257733
619,331899.5218167,0.0,0.037115,751344.8395339507
620,326845.7063702,0.0,0.023834,541717.4681970574
621,312436.5631519,0.0,0.01433,438704.7049627765
622,299832.0243534,0.0,0.0063603,409169.5770424583
623,294408.9803811,0.0,0.0,340014.1555704935
624,280230.6049915,0.0,0.0,419254.7426737865
625,268466.061089,0.0,0.0,387558.5078324693
626,259272.2707973,0.0,0.0,293190.172282184
627,253124.6158432,0.0,0.0078852,280223.5307561906
628,246820.0387656,0.0,0.0093819,252129.14078320496
629,246395.425961,0.0,0.011306,290308.6963875188
630,255561.5241133,0.0,0.013868,372430.759385477
631,282607.5136261,0.0,0.016044,363065.9627278151
632,314388.858982,0.0,0.017579,378914.0801484737
633,322608.809037,0.0,0.017956,382515.9250168052
634,323490.3421423,0.072897,0.016472,337853.04864949454
635,326227.2485895,0.14703,0.015605,175770.02957457717
636,330044.1484747,0.18543,0.025114,78520.21812962666
637,328982.6164631,0.18826,0.035222,25518.09337293817
638,328904.1554014,0.15363,0.034437,23391.585591859985
639,327039.5513462,0.10141,0.031409,24100.421518886043
640,325631.8675917,0.046302,0.024686,51036.18674587634
641,326231.8639461,0.0039459,0.021278,137514.1698430557
642,345944.0518658,0.0,0.019525,438060.60290210525
643,354570.1532991,0.0,0.019196,739315.871888181
644,348214.8072993,0.0,0.018571,533044.6171235973
645,330944.1430063,0.0,0.017661,431681.0795588707
646,317624.2239391,0.0,0.013528,402618.8065508022
647,310908.8801266,0.0,0.0098721,334570.5575563005
648,295590.5116636,0.0,0.0081141,412542.50952916703
649,280198.2974955,0.0,0.0083792,381353.7287400204
650,270916.8154289,0.0,0.01062,288496.2222996065
651,262798.4032184,0.0,0.01359,275737.1756131374
652,257873.8177559,0.0,0.019258,248092.57445912116
653,256018.4444139,0.0,0.025923,285660.8785915023
654,262789.1725053,0.0,0.029036,366468.17427247314
655,287338.2541126,0.0,0.024058,357253.3072211344
656,316521.1537183,0.0,0.016066,372847.6976157077
657,325502.6376077,0.0019241,0.012451,376391.877250838
658,327371.8570194,0.11252,0.009451,332444.0497752222
659,331793.3686156,0.19273,0.0071942,172955.9661943587
660,337557.9489742,0.20284,0.0073419,77263.11604584056
661,337917.9467868,0.15859,0.0096857,24147.280314088108
662,335121.0407041,0.16008,0.01168,22135.006954580764
663,330242.6088073,0.13537,0.013427,22805.76474108321
664,326236.4793027,0.085105,0.019871,48294.560628176216
665,320254.9771852,0.0099926,0.038788,130127.0105814748
666,330699.529108,0.0,0.059085,414528.31205851247
667,337613.333253,0.0,0.065536,699600.3713220528
668,329434.9214072,0.0,0.055114,504409.8554498405
669,313018.09808,0.0,0.038575,408491.4919799905
670,297935.1128022,0.0,0.026531,380990.4227333902
671,290199.7751873,0.0,0.01888,316597.6752291552
672,272901.4187549,0.0,0.013647,390381.0317444244
673,258524.5830326,0.0,0.0099863,360867.6891383167
674,246621.578433,0.0,0.0073218,272998.4191064961
675,239453.9296765,0.0,0.0,260924.77894945204
676,237649.3252568,0.0,0.0,234765.22527585665
677,238147.7837666,0.0,0.0,270315.3879604863
678,247295.4204926,0.0,0.0,346781.7756217653
679,270746.0472357,0.0,0.0,338061.9243972335
680,300496.6356998,0.0,0.0,352818.5957002873
681,310922.7261963,0.0049051,0.0066516,356172.3846327996
682,314481.1661134,0.092725,0.009744,314585.40186964785
683,316267.3091068,0.17906,0.011895,163664.8999065972
684,317827.2996282,0.22384,0.015142,73112.59872876677
685,315981.1569994,0.22723,0.02137,22960.349369531545
686,310031.9623779,0.18632,0.02972,21046.986922070584
687,304110.4598958,0.12466,0.033554,21684.774404557567
688,300575.0967615,0.05909,0.051754,45920.69873906309
689,298595.1087921,0.0068946,0.10493,123730.77160247556
690,314610.3960974,0.0,0.17512,394152.6641769583
691,319678.0576137,0.0,0.24123,665212.3442339279
692,312228.8721062,0.0,0.27587,479616.1868302145
693,293707.4461821,0.0,0.28748,388412.5768345754
694,282515.2064947,0.0,0.23545,362263.2900526089
695,279155.2269101,0.0,0.16923,301035.6917338581
696,266393.7659881,0.0,0.14274,371192.31480742665
697,253327.6915324,0.0,0.1411,343129.66557799926
698,245020.0497025,0.0,0.15028,259579.50537220383
699,239398.5453976,0.0,0.17212,248099.33068743808
700,237404.7113584,0.0,0.17803,223225.6188704456
701,236527.7936097,0.0,0.17734,257028.355442256
702,231109.364994,0.0,0.17161,329736.12844577245
703,226207.8563144,0.0,0.15902,321444.89117344166
704,236970.8678407,0.0,0.15215,335476.2157881554
705,252021.5456225,0.0082015,0.14196,338665.15320059034
706,268156.8321987,0.15177,0.13472,299122.3292863971
707,273732.1829379,0.24388,0.14259,155620.14572682494
708,277678.3128071,0.24305,0.17271,69518.83559108163
709,276275.2444091,0.17315,0.23283,22741.582298750716
710,267667.6044021,0.19504,0.31592,20846.45044052149
711,261224.5666273,0.182,0.40845,21478.16105993123
712,256586.1332723,0.12705,0.47659,45483.16459750143
713,254712.298504,0.018871,0.52108,122551.86016548998
714,270630.6633214,0.0,0.54901,390397.1627952207
715,283124.4335622,0.0,0.59913,658874.1760443611
716,275038.3288478,0.0,0.66041,475046.3857961261
717,258833.811923,0.0,0.71034,384711.7672205329
718,248850.7956574,0.0,0.72085,358811.6318247335
719,252815.3869529,0.0,0.68153,298167.4123613983
720,243464.6745377,0.0,0.63303,367655.5804964699
